report_date,field_id,plan_type,prod_ton,prod_bbls,prod_m3,prod_ft3
01/01/2025,BH,KHQTGAS,,,12.927,456.512697
01/02/2025,BH,KHQTGAS,,,10.316,364.306102
01/03/2025,BH,KHQTGAS,,,8.09,285.695654
01/04/2025,BH,KHQTGAS,,,8.004447574,282.674398
01/05/2025,BH,KHQTGAS,,,14.18482533,500.932379
01/06/2025,BH,KHQTGAS,,,12.84359751,453.567366
01/07/2025,BH,KHQTGAS,,,13.28352024,469.10309
01/08/2025,BH,KHQTGAS,,,7.070953018,249.708349
01/09/2025,BH,KHQTGAS,,,5.300532308,187.186532
01/10/2025,BH,KHQTGAS,,,6.180377751,218.25798
01/11/2025,BH,KHQTGAS,,,10.47230675,369.826023
01/12/2025,BH,KHQTGAS,,,13.32643953,470.618771
01/01/2025,TGT,KHQTGAS,,,5.047477905,178.25
01/02/2025,TGT,KHQTGAS,,,4.2,148.3216
01/03/2025,TGT,KHQTGAS,,,5.98,211.181707
01/04/2025,TGT,KHQTGAS,,,2.486291941,87.802571
01/05/2025,TGT,KHQTGAS,,,2.36714057,83.59478
01/06/2025,TGT,KHQTGAS,,,2.247989199,79.386989
01/07/2025,TGT,KHQTGAS,,,2.232102349,78.825951
01/08/2025,TGT,KHQTGAS,,,2.128837828,75.179198
01/09/2025,TGT,KHQTGAS,,,1.390099328,49.090894
01/10/2025,TGT,KHQTGAS,,,2.359197145,83.314261
01/11/2025,TGT,KHQTGAS,,,2.120894403,74.898679
01/12/2025,TGT,KHQTGAS,,,1.969969333,69.56881
01/01/2025,RangDong,KHQTGAS,,,7.589764392,268.03
01/02/2025,RangDong,KHQTGAS,,,2.833298719,100.057
01/03/2025,RangDong,KHQTGAS,,,3.9,137.7272
01/04/2025,RangDong,KHQTGAS,,,1.766534781,62.384587
01/05/2025,RangDong,KHQTGAS,,,5.686033827,200.80039
01/06/2025,RangDong,KHQTGAS,,,0.165612636,5.848555
01/07/2025,RangDong,KHQTGAS,,,0.0,0.0
01/08/2025,RangDong,KHQTGAS,,,15.87121092,560.486524
01/09/2025,RangDong,KHQTGAS,,,15.15355617,535.142786
01/10/2025,RangDong,KHQTGAS,,,15.89881303,561.461283
01/11/2025,RangDong,KHQTGAS,,,15.34677091,541.9661
01/12/2025,RangDong,KHQTGAS,,,15.78840461,557.562247
01/01/2025,CS,KHQTGAS,,,7.227359403,255.231789
01/02/2025,CS,KHQTGAS,,,6.871082826,242.65
01/03/2025,CS,KHQTGAS,,,6.94,245.083787
01/04/2025,CS,KHQTGAS,,,6.417437185,226.629655
01/05/2025,CS,KHQTGAS,,,10.58877135,373.938931
01/06/2025,CS,KHQTGAS,,,3.850462311,135.977793
01/07/2025,CS,KHQTGAS,,,10.90964321,385.270414
01/08/2025,CS,KHQTGAS,,,14.11836181,498.585242
01/09/2025,CS,KHQTGAS,,,13.79748995,487.253759
01/10/2025,CS,KHQTGAS,,,13.15574623,464.590794
01/11/2025,CS,KHQTGAS,,,12.51400251,441.927828
01/12/2025,CS,KHQTGAS,,,10.90964321,385.270414
01/01/2025,STD-STV-STT,KHQTGAS,,,20.21822847,714.0
01/02/2025,STD-STV-STT,KHQTGAS,,,14.24,502.880854
01/03/2025,STD-STV-STT,KHQTGAS,,,35.34,1248.020322
01/04/2025,STD-STV-STT,KHQTGAS,,,40.48747922,1429.801835
01/05/2025,STD-STV-STT,KHQTGAS,,,41.88821293,1479.268279
01/06/2025,STD-STV-STT,KHQTGAS,,,40.48747922,1429.801835
01/07/2025,STD-STV-STT,KHQTGAS,,,41.88821293,1479.268279
01/08/2025,STD-STV-STT,KHQTGAS,,,41.88821293,1479.268279
01/09/2025,STD-STV-STT,KHQTGAS,,,40.48747922,1429.801835
01/10/2025,STD-STV-STT,KHQTGAS,,,41.88821293,1479.268279
01/11/2025,STD-STV-STT,KHQTGAS,,,40.48747922,1429.801835
01/12/2025,STD-STV-STT,KHQTGAS,,,41.88821293,1479.268279
01/01/2025,CNV,KHQTGAS,,,5.014630363,177.09
01/02/2025,CNV,KHQTGAS,,,2.94,103.82512
01/03/2025,CNV,KHQTGAS,,,5.28,186.46144
01/04/2025,CNV,KHQTGAS,,,2.407792448,85.030388
01/05/2025,CNV,KHQTGAS,,,2.229437452,78.731841
01/06/2025,CNV,KHQTGAS,,,1.070129977,37.791283
01/07/2025,CNV,KHQTGAS,,,1.783549961,62.985472
01/08/2025,CNV,KHQTGAS,,,2.140259954,75.582567
01/09/2025,CNV,KHQTGAS,,,1.872727459,66.134746
01/10/2025,CNV,KHQTGAS,,,1.605194965,56.686925
01/11/2025,CNV,KHQTGAS,,,1.872727459,66.134746
01/12/2025,CNV,KHQTGAS,,,1.783549961,62.985472
01/01/2025,LTLD,KHQTGAS,,,11.60079,409.678033
01/02/2025,LTLD,KHQTGAS,,,10.8,381.398401
01/03/2025,LTLD,KHQTGAS,,,8.41,296.996347
01/04/2025,LTLD,KHQTGAS,,,0.0,0.0
01/05/2025,LTLD,KHQTGAS,,,0.0,0.0
01/06/2025,LTLD,KHQTGAS,,,0.0,0.0
01/07/2025,LTLD,KHQTGAS,,,0.0,0.0
01/08/2025,LTLD,KHQTGAS,,,0.0,0.0
01/09/2025,LTLD,KHQTGAS,,,0.0,0.0
01/10/2025,LTLD,KHQTGAS,,,0.0,0.0
01/11/2025,LTLD,KHQTGAS,,,0.0,0.0
01/12/2025,LTLD,KHQTGAS,,,0.0,0.0
01/01/2025,RD-RDT,KHQTGAS,,,30.32647,1070.969181
01/02/2025,RD-RDT,KHQTGAS,,,27.8,981.747735
01/03/2025,RD-RDT,KHQTGAS,,,26.94,951.377121
01/04/2025,RD-RDT,KHQTGAS,,,22.76403458,803.904294
01/05/2025,RD-RDT,KHQTGAS,,,23.63215454,834.561661
01/06/2025,RD-RDT,KHQTGAS,,,22.18528794,783.46605
01/07/2025,RD-RDT,KHQTGAS,,,23.0534079,814.123417
01/08/2025,RD-RDT,KHQTGAS,,,7.330790797,258.884434
01/09/2025,RD-RDT,KHQTGAS,,,11.96076393,422.390392
01/10/2025,RD-RDT,KHQTGAS,,,22.66757681,800.49792
01/11/2025,RD-RDT,KHQTGAS,,,23.24632345,820.936165
01/12/2025,RD-RDT,KHQTGAS,,,24.69319005,872.031777
01/01/2025,PM3CA-46CN,KHQTGAS,,,144.2,5092.374941
01/02/2025,PM3CA-46CN,KHQTGAS,,,152.6058415,5389.224432
01/03/2025,PM3CA-46CN,KHQTGAS,,,173.03,6110.496783
01/04/2025,PM3CA-46CN,KHQTGAS,,,172.6145175,6095.824157
01/05/2025,PM3CA-46CN,KHQTGAS,,,162.6520582,5744.003227
01/06/2025,PM3CA-46CN,KHQTGAS,,,172.0254586,6075.021738
01/07/2025,PM3CA-46CN,KHQTGAS,,,168.7985201,5961.06348
01/08/2025,PM3CA-46CN,KHQTGAS,,,87.33166907,3084.088787
01/09/2025,PM3CA-46CN,KHQTGAS,,,172.0254586,6075.021738
01/10/2025,PM3CA-46CN,KHQTGAS,,,173.4852203,6126.572736
01/11/2025,PM3CA-46CN,KHQTGAS,,,174.6633381,6168.177573
01/12/2025,PM3CA-46CN,KHQTGAS,,,181.9879179,6426.842668
01/01/2025,HST-HSD,KHQTGAS,,,1.038945101,36.69
01/02/2025,HST-HSD,KHQTGAS,,,0.719247903,25.4
01/03/2025,HST-HSD,KHQTGAS,,,0.7,24.720267
01/04/2025,HST-HSD,KHQTGAS,,,5.243873163,185.185633
01/05/2025,HST-HSD,KHQTGAS,,,5.035782958,177.836997
01/06/2025,HST-HSD,KHQTGAS,,,4.744456671,167.548906
01/07/2025,HST-HSD,KHQTGAS,,,4.411512344,155.791088
01/08/2025,HST-HSD,KHQTGAS,,,4.120186057,145.502997
01/09/2025,HST-HSD,KHQTGAS,,,2.746790705,97.001998
01/10/2025,HST-HSD,KHQTGAS,,,3.41267936,120.517634
01/11/2025,HST-HSD,KHQTGAS,,,2.99649895,105.820362
01/12/2025,HST-HSD,KHQTGAS,,,2.830026786,99.941453
01/01/2025,HT-MT,KHQTGAS,,,68.59424,2422.382725
01/02/2025,HT-MT,KHQTGAS,,,70.49,2489.330857
01/03/2025,HT-MT,KHQTGAS,,,90.69,3202.687125
01/04/2025,HT-MT,KHQTGAS,,,95.95574111,3388.645017
01/05/2025,HT-MT,KHQTGAS,,,89.86689267,3173.619364
01/06/2025,HT-MT,KHQTGAS,,,81.86118454,2890.900449
01/07/2025,HT-MT,KHQTGAS,,,107.4568993,3794.804586
01/08/2025,HT-MT,KHQTGAS,,,99.78946049,3524.031539
01/09/2025,HT-MT,KHQTGAS,,,88.51381524,3125.835885
01/10/2025,HT-MT,KHQTGAS,,,92.79856043,3277.150234
01/11/2025,HT-MT,KHQTGAS,,,87.04798136,3074.07045
01/12/2025,HT-MT,KHQTGAS,,,86.9352249,3070.088494
01/01/2025,TB,KHQTGAS,,,8.941156298,315.753955
01/02/2025,TB,KHQTGAS,,,8.6,303.706134
01/03/2025,TB,KHQTGAS,,,11.31,399.408881
01/04/2025,TB,KHQTGAS,,,15.68320486,553.847153
01/05/2025,TB,KHQTGAS,,,15.68320486,553.847153
01/06/2025,TB,KHQTGAS,,,15.68320486,553.847153
01/07/2025,TB,KHQTGAS,,,15.68320486,553.847153
01/08/2025,TB,KHQTGAS,,,15.68320486,553.847153
01/09/2025,TB,KHQTGAS,,,15.68320486,553.847153
01/10/2025,TB,KHQTGAS,,,15.68320486,553.847153
01/11/2025,TB,KHQTGAS,,,15.68320486,553.847153
01/12/2025,TB,KHQTGAS,,,15.68320486,553.847153
01/01/2025,DH,KHQTGAS,,,7.001313,247.249035
01/02/2025,DH,KHQTGAS,,,9.325,329.309267
01/03/2025,DH,KHQTGAS,,,8.99,317.478854
01/04/2025,DH,KHQTGAS,,,4.526357241,159.846797
01/05/2025,DH,KHQTGAS,,,4.819026243,170.182306
01/06/2025,DH,KHQTGAS,,,9.292323908,328.155322
01/07/2025,DH,KHQTGAS,,,9.914717827,350.134956
01/08/2025,DH,KHQTGAS,,,8.329230558,294.144001
01/09/2025,DH,KHQTGAS,,,10.36219674,365.937524
01/10/2025,DH,KHQTGAS,,,10.098174,356.613649
01/11/2025,DH,KHQTGAS,,,0.0,0.0
01/12/2025,DH,KHQTGAS,,,10.34166049,365.212294
01/01/2025,ThienUng,KHQTGAS,,,11.70382,413.316503
01/02/2025,ThienUng,KHQTGAS,,,13.901,490.909182
01/03/2025,ThienUng,KHQTGAS,,,14.45,510.296934
01/04/2025,ThienUng,KHQTGAS,,,13.02692267,460.041432
01/05/2025,ThienUng,KHQTGAS,,,10.98792607,388.034947
01/06/2025,ThienUng,KHQTGAS,,,15.06591926,532.047918
01/07/2025,ThienUng,KHQTGAS,,,17.21819344,608.054763
01/08/2025,ThienUng,KHQTGAS,,,15.6323072,552.049719
01/09/2025,ThienUng,KHQTGAS,,,8.382541541,296.026661
01/10/2025,ThienUng,KHQTGAS,,,16.19869514,572.05152
01/11/2025,ThienUng,KHQTGAS,,,7.476320834,264.023779
01/12/2025,ThienUng,KHQTGAS,,,20.95635385,740.066652
01/01/2025,CT,KHQTGAS,,,0.593,20.941597
01/02/2025,CT,KHQTGAS,,,0.364,12.854539
01/03/2025,CT,KHQTGAS,,,0.44,15.538453
01/04/2025,CT,KHQTGAS,,,1.734361702,61.248405
01/05/2025,CT,KHQTGAS,,,1.734361702,61.248405
01/06/2025,CT,KHQTGAS,,,1.618737589,57.165178
01/07/2025,CT,KHQTGAS,,,1.849985816,65.331633
01/08/2025,CT,KHQTGAS,,,1.965609929,69.41486
01/09/2025,CT,KHQTGAS,,,1.849985816,65.331633
01/10/2025,CT,KHQTGAS,,,1.849985816,65.331633
01/11/2025,CT,KHQTGAS,,,1.849985816,65.331633
01/12/2025,CT,KHQTGAS,,,1.849985816,65.331633
01/01/2025,SVDN,KHQTGAS,,,116.059834,4098.614357
01/02/2025,SVDN,KHQTGAS,,,103.0125,3637.852106
01/03/2025,SVDN,KHQTGAS,,,144.39,5099.084728
01/04/2025,SVDN,KHQTGAS,,,155.150954,5479.104232
01/05/2025,SVDN,KHQTGAS,,,159.8524981,5645.137695
01/06/2025,SVDN,KHQTGAS,,,155.150954,5479.104232
01/07/2025,SVDN,KHQTGAS,,,159.8524981,5645.137695
01/08/2025,SVDN,KHQTGAS,,,159.8524981,5645.137695
01/09/2025,SVDN,KHQTGAS,,,82.27702107,2905.585578
01/10/2025,SVDN,KHQTGAS,,,159.8524981,5645.137695
01/11/2025,SVDN,KHQTGAS,,,156.32634,5520.612597
01/12/2025,SVDN,KHQTGAS,,,161.0278841,5686.64606
01/01/2025,KNT-N,KHQTGAS,,,0.0,0.0
01/02/2025,KNT-N,KHQTGAS,,,0.0,0.0
01/03/2025,KNT-N,KHQTGAS,,,0.0,0.0
01/04/2025,KNT-N,KHQTGAS,,,0.0,0.0
01/05/2025,KNT-N,KHQTGAS,,,0.0,0.0
01/06/2025,KNT-N,KHQTGAS,,,0.0,0.0
01/07/2025,KNT-N,KHQTGAS,,,0.223545424,7.894432
01/08/2025,KNT-N,KHQTGAS,,,1.680163321,59.334408
01/09/2025,KNT-N,KHQTGAS,,,2.407961892,85.036372
01/10/2025,KNT-N,KHQTGAS,,,2.829533855,99.924045
01/11/2025,KNT-N,KHQTGAS,,,3.332766247,117.695529
01/12/2025,KNT-N,KHQTGAS,,,4.526029262,159.835215
01/01/2025,BHR,KHQTOIL,0.234757,,,
01/02/2025,BHR,KHQTOIL,0.219217,,,
01/03/2025,BHR,KHQTOIL,0.24212,,,
01/04/2025,BHR,KHQTOIL,0.254629079,,,
01/05/2025,BHR,KHQTOIL,0.259795791,,,
01/06/2025,BHR,KHQTOIL,0.254853718,,,
01/07/2025,BHR,KHQTOIL,0.241480909,,,
01/08/2025,BHR,KHQTOIL,0.237291676,,,
01/09/2025,BHR,KHQTOIL,0.208922331,,,
01/10/2025,BHR,KHQTOIL,0.236583155,,,
01/11/2025,BHR,KHQTOIL,0.223879139,,,
01/12/2025,BHR,KHQTOIL,0.236470201,,,
01/01/2025,DM,KHQTOIL,0.003224,,,
01/02/2025,DM,KHQTOIL,0.00314,,,
01/03/2025,DM,KHQTOIL,0.00343,,,
01/04/2025,DM,KHQTOIL,0.003616579,,,
01/05/2025,DM,KHQTOIL,0.003416775,,,
01/06/2025,DM,KHQTOIL,0.003557277,,,
01/07/2025,DM,KHQTOIL,0.003685839,,,
01/08/2025,DM,KHQTOIL,0.003415577,,,
01/09/2025,DM,KHQTOIL,0.003655106,,,
01/10/2025,DM,KHQTOIL,0.003746916,,,
01/11/2025,DM,KHQTOIL,0.003597836,,,
01/12/2025,DM,KHQTOIL,0.003538096,,,
01/01/2025,DC,KHQTOIL,0.003868393,,,
01/02/2025,DC,KHQTOIL,0.00369,,,
01/03/2025,DC,KHQTOIL,0.00473,,,
01/04/2025,DC,KHQTOIL,0.003624346,,,
01/05/2025,DC,KHQTOIL,0.003633712,,,
01/06/2025,DC,KHQTOIL,0.003933399,,,
01/07/2025,DC,KHQTOIL,0.003608782,,,
01/08/2025,DC,KHQTOIL,0.004418312,,,
01/09/2025,DC,KHQTOIL,0.002688174,,,
01/10/2025,DC,KHQTOIL,0.003559259,,,
01/11/2025,DC,KHQTOIL,0.003891366,,,
01/12/2025,DC,KHQTOIL,0.003354258,,,
01/01/2025,DH,KHQTOIL,0.027554405,,,
01/02/2025,DH,KHQTOIL,0.03056,,,
01/03/2025,DH,KHQTOIL,0.03015,,,
01/04/2025,DH,KHQTOIL,0.018896787,,,
01/05/2025,DH,KHQTOIL,0.015047442,,,
01/06/2025,DH,KHQTOIL,0.053540897,,,
01/07/2025,DH,KHQTOIL,0.044496021,,,
01/08/2025,DH,KHQTOIL,0.047149453,,,
01/09/2025,DH,KHQTOIL,0.044241582,,,
01/10/2025,DH,KHQTOIL,0.045023184,,,
01/11/2025,DH,KHQTOIL,0.049026792,,,
01/12/2025,DH,KHQTOIL,0.041424666,,,
01/01/2025,PM3CA-46CN,KHQTOIL,0.0,,,
01/02/2025,PM3CA-46CN,KHQTOIL,0.0,,,
01/03/2025,PM3CA-46CN,KHQTOIL,0.0,,,
01/04/2025,PM3CA-46CN,KHQTOIL,0.0,,,
01/05/2025,PM3CA-46CN,KHQTOIL,0.0,,,
01/06/2025,PM3CA-46CN,KHQTOIL,0.0,,,
01/07/2025,PM3CA-46CN,KHQTOIL,0.0,,,
01/08/2025,PM3CA-46CN,KHQTOIL,0.0,,,
01/09/2025,PM3CA-46CN,KHQTOIL,0.0,,,
01/10/2025,PM3CA-46CN,KHQTOIL,0.0,,,
01/11/2025,PM3CA-46CN,KHQTOIL,0.0,,,
01/12/2025,PM3CA-46CN,KHQTOIL,0.0,,,
01/01/2025,PM3CA,KHQTOIL,0.036624,,,
01/02/2025,PM3CA,KHQTOIL,0.03306,,,
01/03/2025,PM3CA,KHQTOIL,0.03727,,,
01/04/2025,PM3CA,KHQTOIL,0.03434272,,,
01/05/2025,PM3CA,KHQTOIL,0.03863556,,,
01/06/2025,PM3CA,KHQTOIL,0.037204613,,,
01/07/2025,PM3CA,KHQTOIL,0.042697623,,,
01/08/2025,PM3CA,KHQTOIL,0.020612646,,,
01/09/2025,PM3CA,KHQTOIL,0.033863632,,,
01/10/2025,PM3CA,KHQTOIL,0.042697623,,,
01/11/2025,PM3CA,KHQTOIL,0.039752959,,,
01/12/2025,PM3CA,KHQTOIL,0.041225291,,,
01/01/2025,46CN,KHQTOIL,0.001568267,,,
01/02/2025,46CN,KHQTOIL,0.00115,,,
01/03/2025,46CN,KHQTOIL,0.00146,,,
01/04/2025,46CN,KHQTOIL,0.001430947,,,
01/05/2025,46CN,KHQTOIL,0.001430947,,,
01/06/2025,46CN,KHQTOIL,0.001430947,,,
01/07/2025,46CN,KHQTOIL,0.001729779,,,
01/08/2025,46CN,KHQTOIL,0.001729779,,,
01/09/2025,46CN,KHQTOIL,0.0,,,
01/10/2025,46CN,KHQTOIL,0.001729779,,,
01/11/2025,46CN,KHQTOIL,0.001729779,,,
01/12/2025,46CN,KHQTOIL,0.001729779,,,
01/01/2025,RDPD,KHQTOIL,0.036366039,,,
01/02/2025,RDPD,KHQTOIL,0.03333,,,
01/03/2025,RDPD,KHQTOIL,0.0359,,,
01/04/2025,RDPD,KHQTOIL,0.037146524,,,
01/05/2025,RDPD,KHQTOIL,0.038707689,,,
01/06/2025,RDPD,KHQTOIL,0.037430372,,,
01/07/2025,RDPD,KHQTOIL,0.031408636,,,
01/08/2025,RDPD,KHQTOIL,0.034696566,,,
01/09/2025,RDPD,KHQTOIL,0.033052601,,,
01/10/2025,RDPD,KHQTOIL,0.035639511,,,
01/11/2025,RDPD,KHQTOIL,0.033813339,,,
01/12/2025,RDPD,KHQTOIL,0.034672311,,,
01/01/2025,RPT,KHQTOIL,0.032036962,,,
01/02/2025,RPT,KHQTOIL,0.02879,,,
01/03/2025,RPT,KHQTOIL,0.03222,,,
01/04/2025,RPT,KHQTOIL,0.03222622,,,
01/05/2025,RPT,KHQTOIL,0.032831983,,,
01/06/2025,RPT,KHQTOIL,0.032609033,,,
01/07/2025,RPT,KHQTOIL,0.025785597,,,
01/08/2025,RPT,KHQTOIL,0.021076894,,,
01/09/2025,RPT,KHQTOIL,0.022539656,,,
01/10/2025,RPT,KHQTOIL,0.024251426,,,
01/11/2025,RPT,KHQTOIL,0.023053055,,,
01/12/2025,RPT,KHQTOIL,0.023579174,,,
01/01/2025,STD-STV-STT-STN,KHQTOIL,0.099605796,,,
01/02/2025,STD-STV-STT-STN,KHQTOIL,0.09863,,,
01/03/2025,STD-STV-STT-STN,KHQTOIL,0.11341,,,
01/04/2025,STD-STV-STT-STN,KHQTOIL,0.109181637,,,
01/05/2025,STD-STV-STT-STN,KHQTOIL,0.114853412,,,
01/06/2025,STD-STV-STT-STN,KHQTOIL,0.109181637,,,
01/07/2025,STD-STV-STT-STN,KHQTOIL,0.111221634,,,
01/08/2025,STD-STV-STT-STN,KHQTOIL,0.109777197,,,
01/09/2025,STD-STV-STT-STN,KHQTOIL,0.105443887,,,
01/10/2025,STD-STV-STT-STN,KHQTOIL,0.111221634,,,
01/11/2025,STD-STV-STT-STN,KHQTOIL,0.106888324,,,
01/12/2025,STD-STV-STT-STN,KHQTOIL,0.109777197,,,
01/01/2025,CNV,KHQTOIL,0.011677692,,,
01/02/2025,CNV,KHQTOIL,0.01002,,,
01/03/2025,CNV,KHQTOIL,0.0108,,,
01/04/2025,CNV,KHQTOIL,0.011985433,,,
01/05/2025,CNV,KHQTOIL,0.011733518,,,
01/06/2025,CNV,KHQTOIL,0.007656786,,,
01/07/2025,CNV,KHQTOIL,0.010237013,,,
01/08/2025,CNV,KHQTOIL,0.012316234,,,
01/09/2025,CNV,KHQTOIL,0.010846596,,,
01/10/2025,CNV,KHQTOIL,0.011034917,,,
01/11/2025,CNV,KHQTOIL,0.011331031,,,
01/12/2025,CNV,KHQTOIL,0.011414966,,,
01/01/2025,TGT,KHQTOIL,0.043831338,,,
01/02/2025,TGT,KHQTOIL,0.03822,,,
01/03/2025,TGT,KHQTOIL,0.04146,,,
01/04/2025,TGT,KHQTOIL,0.042711174,,,
01/05/2025,TGT,KHQTOIL,0.042625297,,,
01/06/2025,TGT,KHQTOIL,0.041096882,,,
01/07/2025,TGT,KHQTOIL,0.03683417,,,
01/08/2025,TGT,KHQTOIL,0.035948417,,,
01/09/2025,TGT,KHQTOIL,0.024985647,,,
01/10/2025,TGT,KHQTOIL,0.038953634,,,
01/11/2025,TGT,KHQTOIL,0.036546606,,,
01/12/2025,TGT,KHQTOIL,0.03630818,,,
01/01/2025,KNT-N,KHQTOIL,0.0,,,
01/02/2025,KNT-N,KHQTOIL,0.0,,,
01/03/2025,KNT-N,KHQTOIL,0.0,,,
01/04/2025,KNT-N,KHQTOIL,0.0,,,
01/05/2025,KNT-N,KHQTOIL,0.0,,,
01/06/2025,KNT-N,KHQTOIL,0.0,,,
01/07/2025,KNT-N,KHQTOIL,0.01082942,,,
01/08/2025,KNT-N,KHQTOIL,0.02525045,,,
01/09/2025,KNT-N,KHQTOIL,0.02780794,,,
01/10/2025,KNT-N,KHQTOIL,0.03028406,,,
01/11/2025,KNT-N,KHQTOIL,0.03263452,,,
01/12/2025,KNT-N,KHQTOIL,0.03922343,,,
01/01/2025,CS,KHQTOIL,0.035092549,,,
01/02/2025,CS,KHQTOIL,0.0301,,,
01/03/2025,CS,KHQTOIL,0.03206,,,
01/04/2025,CS,KHQTOIL,0.023304801,,,
01/05/2025,CS,KHQTOIL,0.033292573,,,
01/06/2025,CS,KHQTOIL,0.014981658,,,
01/07/2025,CS,KHQTOIL,0.026333476,,,
01/08/2025,CS,KHQTOIL,0.025647841,,,
01/09/2025,CS,KHQTOIL,0.025635144,,,
01/10/2025,CS,KHQTOIL,0.024338531,,,
01/11/2025,CS,KHQTOIL,0.02207238,,,
01/12/2025,CS,KHQTOIL,0.023899217,,,
01/01/2025,LTLD,KHQTOIL,0.000312065,,,
01/02/2025,LTLD,KHQTOIL,0.00029,,,
01/03/2025,LTLD,KHQTOIL,0.0005,,,
01/04/2025,LTLD,KHQTOIL,0.0,,,
01/05/2025,LTLD,KHQTOIL,0.0,,,
01/06/2025,LTLD,KHQTOIL,0.0,,,
01/07/2025,LTLD,KHQTOIL,0.0,,,
01/08/2025,LTLD,KHQTOIL,0.0,,,
01/09/2025,LTLD,KHQTOIL,0.0,,,
01/10/2025,LTLD,KHQTOIL,0.0,,,
01/11/2025,LTLD,KHQTOIL,0.0,,,
01/12/2025,LTLD,KHQTOIL,0.0,,,
01/01/2025,RD-RDT,KHQTOIL,0.002767766,,,
01/02/2025,RD-RDT,KHQTOIL,0.00268,,,
01/03/2025,RD-RDT,KHQTOIL,0.00335,,,
01/04/2025,RD-RDT,KHQTOIL,0.002504063,,,
01/05/2025,RD-RDT,KHQTOIL,0.002595835,,,
01/06/2025,RD-RDT,KHQTOIL,0.002438512,,,
01/07/2025,RD-RDT,KHQTOIL,0.002297064,,,
01/08/2025,RD-RDT,KHQTOIL,0.000737917,,,
01/09/2025,RD-RDT,KHQTOIL,0.00120209,,,
01/10/2025,RD-RDT,KHQTOIL,0.002261358,,,
01/11/2025,RD-RDT,KHQTOIL,0.002320867,,,
01/12/2025,RD-RDT,KHQTOIL,0.00246369,,,
01/01/2025,HST-HSD,KHQTOIL,0.015792084,,,
01/02/2025,HST-HSD,KHQTOIL,0.01414,,,
01/03/2025,HST-HSD,KHQTOIL,0.01475,,,
01/04/2025,HST-HSD,KHQTOIL,0.017036444,,,
01/05/2025,HST-HSD,KHQTOIL,0.01662757,,,
01/06/2025,HST-HSD,KHQTOIL,0.015537238,,,
01/07/2025,HST-HSD,KHQTOIL,0.015908743,,,
01/08/2025,HST-HSD,KHQTOIL,0.015622099,,,
01/09/2025,HST-HSD,KHQTOIL,0.010749151,,,
01/10/2025,HST-HSD,KHQTOIL,0.013902235,,,
01/11/2025,HST-HSD,KHQTOIL,0.012755659,,,
01/12/2025,HST-HSD,KHQTOIL,0.012469015,,,
01/01/2025,TLDD,KHQTOIL,0.013973595,,,
01/02/2025,TLDD,KHQTOIL,0.0125,,,
01/03/2025,TLDD,KHQTOIL,0.01358,,,
01/04/2025,TLDD,KHQTOIL,0.01454574,,,
01/05/2025,TLDD,KHQTOIL,0.01454574,,,
01/06/2025,TLDD,KHQTOIL,0.012999756,,,
01/07/2025,TLDD,KHQTOIL,0.012254512,,,
01/08/2025,TLDD,KHQTOIL,0.012254512,,,
01/09/2025,TLDD,KHQTOIL,0.010828121,,,
01/10/2025,TLDD,KHQTOIL,0.012166495,,,
01/11/2025,TLDD,KHQTOIL,0.010740104,,,
01/12/2025,TLDD,KHQTOIL,0.010811423,,,
01/01/2025,HT-MT,KHQTOIL,0.014738768,,,
01/02/2025,HT-MT,KHQTOIL,0.01409,,,
01/03/2025,HT-MT,KHQTOIL,0.01686,,,
01/04/2025,HT-MT,KHQTOIL,0.015180541,,,
01/05/2025,HT-MT,KHQTOIL,0.014096216,,,
01/06/2025,HT-MT,KHQTOIL,0.013011892,,,
01/07/2025,HT-MT,KHQTOIL,0.023697085,,,
01/08/2025,HT-MT,KHQTOIL,0.021542804,,,
01/09/2025,HT-MT,KHQTOIL,0.017234244,,,
01/10/2025,HT-MT,KHQTOIL,0.017234244,,,
01/11/2025,HT-MT,KHQTOIL,0.016157103,,,
01/12/2025,HT-MT,KHQTOIL,0.016157103,,,
01/01/2025,ThienUng,KHQTOIL,0.000986803,,,
01/02/2025,ThienUng,KHQTOIL,0.00117,,,
01/03/2025,ThienUng,KHQTOIL,0.00115,,,
01/04/2025,ThienUng,KHQTOIL,0.000598017,,,
01/05/2025,ThienUng,KHQTOIL,0.00049296,,,
01/06/2025,ThienUng,KHQTOIL,0.000622261,,,
01/07/2025,ThienUng,KHQTOIL,0.000435723,,,
01/08/2025,ThienUng,KHQTOIL,0.000379336,,,
01/09/2025,ThienUng,KHQTOIL,0.000179416,,,
01/10/2025,ThienUng,KHQTOIL,0.000363957,,,
01/11/2025,ThienUng,KHQTOIL,0.000169163,,,
01/12/2025,ThienUng,KHQTOIL,0.000502364,,,
01/01/2025,CT,KHQTOIL,0.012338,,,
01/02/2025,CT,KHQTOIL,0.01173,,,
01/03/2025,CT,KHQTOIL,0.01426,,,
01/04/2025,CT,KHQTOIL,0.017769148,,,
01/05/2025,CT,KHQTOIL,0.017872457,,,
01/06/2025,CT,KHQTOIL,0.017149294,,,
01/07/2025,CT,KHQTOIL,0.019991913,,,
01/08/2025,CT,KHQTOIL,0.021374333,,,
01/09/2025,CT,KHQTOIL,0.019566554,,,
01/10/2025,CT,KHQTOIL,0.020098253,,,
01/11/2025,CT,KHQTOIL,0.018928514,,,
01/12/2025,CT,KHQTOIL,0.019247534,,,
01/01/2025,SVDN,KHQTOIL,0.025437207,,,
01/02/2025,SVDN,KHQTOIL,0.02284,,,
01/03/2025,SVDN,KHQTOIL,0.03191,,,
01/04/2025,SVDN,KHQTOIL,0.033393472,,,
01/05/2025,SVDN,KHQTOIL,0.033915104,,,
01/06/2025,SVDN,KHQTOIL,0.035013265,,,
01/07/2025,SVDN,KHQTOIL,0.038224854,,,
01/08/2025,SVDN,KHQTOIL,0.036893775,,,
01/09/2025,SVDN,KHQTOIL,0.021295615,,,
01/10/2025,SVDN,KHQTOIL,0.03544782,,,
01/11/2025,SVDN,KHQTOIL,0.033761147,,,
01/12/2025,SVDN,KHQTOIL,0.034364725,,,
01/01/2025,Algeria,KHQTOIL,0.026374359,,,
01/02/2025,Algeria,KHQTOIL,0.02452,,,
01/03/2025,Algeria,KHQTOIL,0.02703,,,
01/04/2025,Algeria,KHQTOIL,0.024752,,,
01/05/2025,Algeria,KHQTOIL,0.025722666,,,
01/06/2025,Algeria,KHQTOIL,0.024752,,,
01/07/2025,Algeria,KHQTOIL,0.024386324,,,
01/08/2025,Algeria,KHQTOIL,0.024386324,,,
01/09/2025,Algeria,KHQTOIL,0.023448389,,,
01/10/2025,Algeria,KHQTOIL,0.024855291,,,
01/11/2025,Algeria,KHQTOIL,0.023917356,,,
01/12/2025,Algeria,KHQTOIL,0.024855291,,,
01/01/2025,Nhenhexky,KHQTOIL,0.12431,,,
01/02/2025,Nhenhexky,KHQTOIL,0.112538,,,
01/03/2025,Nhenhexky,KHQTOIL,0.1249,,,
01/04/2025,Nhenhexky,KHQTOIL,0.122585495,,,
01/05/2025,Nhenhexky,KHQTOIL,0.126039794,,,
01/06/2025,Nhenhexky,KHQTOIL,0.121977396,,,
01/07/2025,Nhenhexky,KHQTOIL,0.123536099,,,
01/08/2025,Nhenhexky,KHQTOIL,0.123698439,,,
01/09/2025,Nhenhexky,KHQTOIL,0.120982089,,,
01/10/2025,Nhenhexky,KHQTOIL,0.126243257,,,
01/11/2025,Nhenhexky,KHQTOIL,0.12213423,,,
01/12/2025,Nhenhexky,KHQTOIL,0.126055202,,,
01/01/2025,BH,KHSLCPGiaoGas,,,9.94248927,351.115695
01/02/2025,BH,KHSLCPGiaoGas,,,5.067811159,178.968062
01/03/2025,BH,KHSLCPGiaoGas,,,9.710729614,342.93118
01/04/2025,BH,KHSLCPGiaoGas,,,5.763090129,203.521607
01/05/2025,BH,KHSLCPGiaoGas,,,10.21287554,360.664296
01/06/2025,BH,KHSLCPGiaoGas,,,9.2472103,326.56215
01/07/2025,BH,KHSLCPGiaoGas,,,9.563948498,337.747654
01/08/2025,BH,KHSLCPGiaoGas,,,5.090987124,179.786514
01/09/2025,BH,KHSLCPGiaoGas,,,3.816309013,134.771681
01/10/2025,BH,KHSLCPGiaoGas,,,4.449785408,157.142689
01/11/2025,BH,KHSLCPGiaoGas,,,7.539914163,266.269556
01/12/2025,BH,KHSLCPGiaoGas,,,9.594849785,338.838922
01/01/2025,TGT,KHSLCPGiaoGas,,,3.77,133.136294
01/02/2025,TGT,KHSLCPGiaoGas,,,3.13,110.534907
01/03/2025,TGT,KHSLCPGiaoGas,,,3.33,117.59784
01/04/2025,TGT,KHSLCPGiaoGas,,,3.13,110.534907
01/05/2025,TGT,KHSLCPGiaoGas,,,2.98,105.237707
01/06/2025,TGT,KHSLCPGiaoGas,,,2.83,99.940507
01/07/2025,TGT,KHSLCPGiaoGas,,,2.81,99.234213
01/08/2025,TGT,KHSLCPGiaoGas,,,2.68,94.643307
01/09/2025,TGT,KHSLCPGiaoGas,,,1.75,61.800667
01/10/2025,TGT,KHSLCPGiaoGas,,,2.97,104.88456
01/11/2025,TGT,KHSLCPGiaoGas,,,2.67,94.29016
01/12/2025,TGT,KHSLCPGiaoGas,,,2.48,87.580373
01/01/2025,RDPD,KHSLCPGiaoGas,,,1.615178415,57.039487
01/02/2025,RDPD,KHSLCPGiaoGas,,,1.198685868,42.331192
01/03/2025,RDPD,KHSLCPGiaoGas,,,0.0,0.0
01/04/2025,RDPD,KHSLCPGiaoGas,,,0.650134708,22.959291
01/05/2025,RDPD,KHSLCPGiaoGas,,,2.092621091,73.900216
01/06/2025,RDPD,KHSLCPGiaoGas,,,0.060950129,2.152433
01/07/2025,RDPD,KHSLCPGiaoGas,,,0.0,0.0
01/08/2025,RDPD,KHSLCPGiaoGas,,,5.841054016,206.274876
01/09/2025,RDPD,KHSLCPGiaoGas,,,5.576936791,196.947664
01/10/2025,RDPD,KHSLCPGiaoGas,,,5.851212371,206.633615
01/11/2025,RDPD,KHSLCPGiaoGas,,,5.648045275,199.458837
01/12/2025,RDPD,KHSLCPGiaoGas,,,5.810578952,205.198659
01/01/2025,CS-D,KHSLCPGiaoGas,,,10.477216,369.999391
01/02/2025,CS-D,KHSLCPGiaoGas,,,8.778208,309.99949
01/03/2025,CS-D,KHSLCPGiaoGas,,,9.627712,339.999441
01/04/2025,CS-D,KHSLCPGiaoGas,,,5.66336,199.999671
01/05/2025,CS-D,KHSLCPGiaoGas,,,9.344544,329.999457
01/06/2025,CS-D,KHSLCPGiaoGas,,,3.398016,119.999803
01/07/2025,CS-D,KHSLCPGiaoGas,,,9.627712,339.999441
01/08/2025,CS-D,KHSLCPGiaoGas,,,12.459392,439.999276
01/09/2025,CS-D,KHSLCPGiaoGas,,,12.176224,429.999292
01/10/2025,CS-D,KHSLCPGiaoGas,,,11.609888,409.999325
01/11/2025,CS-D,KHSLCPGiaoGas,,,11.043552,389.999358
01/12/2025,CS-D,KHSLCPGiaoGas,,,9.627712,339.999441
01/01/2025,STD-STV-STT-STN,KHSLCPGiaoGas,,,34.41389183,1215.315121
01/02/2025,STD-STV-STT-STN,KHSLCPGiaoGas,,,31.0835152,1097.70398
01/03/2025,STD-STV-STT-STN,KHSLCPGiaoGas,,,34.41389183,1215.315121
01/04/2025,STD-STV-STT-STN,KHSLCPGiaoGas,,,33.30376629,1176.111407
01/05/2025,STD-STV-STT-STN,KHSLCPGiaoGas,,,34.41389183,1215.315121
01/06/2025,STD-STV-STT-STN,KHSLCPGiaoGas,,,33.30376629,1176.111407
01/07/2025,STD-STV-STT-STN,KHSLCPGiaoGas,,,34.41389183,1215.315121
01/08/2025,STD-STV-STT-STN,KHSLCPGiaoGas,,,34.41389183,1215.315121
01/09/2025,STD-STV-STT-STN,KHSLCPGiaoGas,,,33.30376629,1176.111407
01/10/2025,STD-STV-STT-STN,KHSLCPGiaoGas,,,34.41389183,1215.315121
01/11/2025,STD-STV-STT-STN,KHSLCPGiaoGas,,,33.30376629,1176.111407
01/12/2025,STD-STV-STT-STN,KHSLCPGiaoGas,,,34.41389183,1215.315121
01/01/2025,CNV,KHSLCPGiaoGas,,,3.2,113.006934
01/02/2025,CNV,KHSLCPGiaoGas,,,2.8,98.881067
01/03/2025,CNV,KHSLCPGiaoGas,,,3.0,105.944
01/04/2025,CNV,KHSLCPGiaoGas,,,2.7,95.3496
01/05/2025,CNV,KHSLCPGiaoGas,,,2.5,88.286667
01/06/2025,CNV,KHSLCPGiaoGas,,,1.2,42.3776
01/07/2025,CNV,KHSLCPGiaoGas,,,2.0,70.629333
01/08/2025,CNV,KHSLCPGiaoGas,,,2.4,84.7552
01/09/2025,CNV,KHSLCPGiaoGas,,,2.1,74.1608
01/10/2025,CNV,KHSLCPGiaoGas,,,1.8,63.5664
01/11/2025,CNV,KHSLCPGiaoGas,,,2.1,74.1608
01/12/2025,CNV,KHSLCPGiaoGas,,,2.0,70.629333
01/01/2025,KNT-N,KHSLCPGiaoGas,,,0.0,0.0
01/02/2025,KNT-N,KHSLCPGiaoGas,,,0.0,0.0
01/03/2025,KNT-N,KHSLCPGiaoGas,,,0.0,0.0
01/04/2025,KNT-N,KHSLCPGiaoGas,,,0.0,0.0
01/05/2025,KNT-N,KHSLCPGiaoGas,,,0.0,0.0
01/06/2025,KNT-N,KHSLCPGiaoGas,,,0.0,0.0
01/07/2025,KNT-N,KHSLCPGiaoGas,,,0.223545424,7.894432
01/08/2025,KNT-N,KHSLCPGiaoGas,,,1.680163321,59.334408
01/09/2025,KNT-N,KHSLCPGiaoGas,,,2.407961892,85.036372
01/10/2025,KNT-N,KHSLCPGiaoGas,,,2.829533855,99.924045
01/11/2025,KNT-N,KHSLCPGiaoGas,,,3.332766247,117.695529
01/12/2025,KNT-N,KHSLCPGiaoGas,,,4.526029262,159.835215
01/01/2025,LTLD,KHSLCPGiaoGas,,,0.0,0.0
01/02/2025,LTLD,KHSLCPGiaoGas,,,0.0,0.0
01/03/2025,LTLD,KHSLCPGiaoGas,,,0.0,0.0
01/04/2025,LTLD,KHSLCPGiaoGas,,,0.0,0.0
01/05/2025,LTLD,KHSLCPGiaoGas,,,0.0,0.0
01/06/2025,LTLD,KHSLCPGiaoGas,,,0.0,0.0
01/07/2025,LTLD,KHSLCPGiaoGas,,,0.0,0.0
01/08/2025,LTLD,KHSLCPGiaoGas,,,0.0,0.0
01/09/2025,LTLD,KHSLCPGiaoGas,,,0.0,0.0
01/10/2025,LTLD,KHSLCPGiaoGas,,,0.0,0.0
01/11/2025,LTLD,KHSLCPGiaoGas,,,0.0,0.0
01/12/2025,LTLD,KHSLCPGiaoGas,,,0.0,0.0
01/01/2025,RD-RDT,KHSLCPGiaoGas,,,25.70984297,907.934536
01/02/2025,RD-RDT,KHSLCPGiaoGas,,,22.10846419,780.753045
01/03/2025,RD-RDT,KHSLCPGiaoGas,,,25.10961318,886.737621
01/04/2025,RD-RDT,KHSLCPGiaoGas,,,23.60903868,833.745333
01/05/2025,RD-RDT,KHSLCPGiaoGas,,,24.50938338,865.540706
01/06/2025,RD-RDT,KHSLCPGiaoGas,,,23.00880889,812.548418
01/07/2025,RD-RDT,KHSLCPGiaoGas,,,23.90915358,844.34379
01/08/2025,RD-RDT,KHSLCPGiaoGas,,,7.602910762,268.49426
01/09/2025,RD-RDT,KHSLCPGiaoGas,,,12.40474914,438.069582
01/10/2025,RD-RDT,KHSLCPGiaoGas,,,23.50900038,830.212513
01/11/2025,RD-RDT,KHSLCPGiaoGas,,,24.10923018,851.409429
01/12/2025,RD-RDT,KHSLCPGiaoGas,,,25.60980467,904.401717
01/01/2025,PM3CA-46CN,KHSLCPGiaoGas,,,89.91657754,3175.373969
01/02/2025,PM3CA-46CN,KHSLCPGiaoGas,,,74.00213904,2613.360877
01/03/2025,PM3CA-46CN,KHSLCPGiaoGas,,,89.12085561,3147.273314
01/04/2025,PM3CA-46CN,KHSLCPGiaoGas,,,86.99893048,3072.338235
01/05/2025,PM3CA-46CN,KHSLCPGiaoGas,,,81.95935829,2894.367423
01/06/2025,PM3CA-46CN,KHSLCPGiaoGas,,,86.73368984,3062.97135
01/07/2025,PM3CA-46CN,KHSLCPGiaoGas,,,85.14224599,3006.770041
01/08/2025,PM3CA-46CN,KHSLCPGiaoGas,,,44.02994652,1554.902887
01/09/2025,PM3CA-46CN,KHSLCPGiaoGas,,,86.73368984,3062.97135
01/10/2025,PM3CA-46CN,KHSLCPGiaoGas,,,87.52941176,3091.072005
01/11/2025,PM3CA-46CN,KHSLCPGiaoGas,,,88.05989305,3109.805775
01/12/2025,PM3CA-46CN,KHSLCPGiaoGas,,,91.77326203,3240.942162
01/01/2025,HST-HSD,KHSLCPGiaoGas,,,2.765822785,97.67411
01/02/2025,HST-HSD,KHSLCPGiaoGas,,,2.310917722,81.609289
01/03/2025,HST-HSD,KHSLCPGiaoGas,,,2.383702532,84.17966
01/04/2025,HST-HSD,KHSLCPGiaoGas,,,2.292721519,80.966696
01/05/2025,HST-HSD,KHSLCPGiaoGas,,,2.201740506,77.753732
01/06/2025,HST-HSD,KHSLCPGiaoGas,,,2.074367089,73.255582
01/07/2025,HST-HSD,KHSLCPGiaoGas,,,1.928797468,68.11484
01/08/2025,HST-HSD,KHSLCPGiaoGas,,,1.801424051,63.61669
01/09/2025,HST-HSD,KHSLCPGiaoGas,,,1.200949367,42.411127
01/10/2025,HST-HSD,KHSLCPGiaoGas,,,1.492088608,52.692612
01/11/2025,HST-HSD,KHSLCPGiaoGas,,,1.310126582,46.266684
01/12/2025,HST-HSD,KHSLCPGiaoGas,,,1.237341772,43.696312
01/01/2025,HT-MT,KHSLCPGiaoGas,,,67.75223681,2392.647663
01/02/2025,HT-MT,KHSLCPGiaoGas,,,58.86302383,2078.728069
01/03/2025,HT-MT,KHSLCPGiaoGas,,,68.42453023,2416.389481
01/04/2025,HT-MT,KHSLCPGiaoGas,,,63.56907776,2244.920795
01/05/2025,HT-MT,KHSLCPGiaoGas,,,59.53531724,2102.469886
01/06/2025,HT-MT,KHSLCPGiaoGas,,,54.23166916,1915.173322
01/07/2025,HT-MT,KHSLCPGiaoGas,,,71.18840318,2513.994733
01/08/2025,HT-MT,KHSLCPGiaoGas,,,66.1088529,2334.612107
01/09/2025,HT-MT,KHSLCPGiaoGas,,,58.63892602,2070.814129
01/10/2025,HT-MT,KHSLCPGiaoGas,,,61.47749823,2171.057361
01/11/2025,HT-MT,KHSLCPGiaoGas,,,57.66783552,2036.520392
01/12/2025,HT-MT,KHSLCPGiaoGas,,,57.59313626,2033.882412
01/01/2025,TB,KHSLCPGiaoGas,,,12.911875,455.978562
01/02/2025,TB,KHSLCPGiaoGas,,,12.911875,455.978562
01/03/2025,TB,KHSLCPGiaoGas,,,12.911875,455.978562
01/04/2025,TB,KHSLCPGiaoGas,,,12.911875,455.978562
01/05/2025,TB,KHSLCPGiaoGas,,,12.911875,455.978562
01/06/2025,TB,KHSLCPGiaoGas,,,12.911875,455.978562
01/07/2025,TB,KHSLCPGiaoGas,,,12.911875,455.978562
01/08/2025,TB,KHSLCPGiaoGas,,,12.911875,455.978562
01/09/2025,TB,KHSLCPGiaoGas,,,12.911875,455.978562
01/10/2025,TB,KHSLCPGiaoGas,,,12.911875,455.978562
01/11/2025,TB,KHSLCPGiaoGas,,,12.911875,455.978562
01/12/2025,TB,KHSLCPGiaoGas,,,12.911875,455.978562
01/01/2025,DH,KHSLCPGiaoGas,,,8.087934086,285.622697
01/02/2025,DH,KHSLCPGiaoGas,,,5.057965554,178.620368
01/03/2025,DH,KHSLCPGiaoGas,,,7.731626388,273.039809
01/04/2025,DH,KHSLCPGiaoGas,,,4.288200558,151.436374
01/05/2025,DH,KHSLCPGiaoGas,,,4.565470626,161.228074
01/06/2025,DH,KHSLCPGiaoGas,,,8.803403366,310.889256
01/07/2025,DH,KHSLCPGiaoGas,,,9.393049699,331.71242
01/08/2025,DH,KHSLCPGiaoGas,,,7.890983682,278.667459
01/09/2025,DH,KHSLCPGiaoGas,,,9.81698427,346.683528
01/10/2025,DH,KHSLCPGiaoGas,,,9.566853228,337.850233
01/11/2025,DH,KHSLCPGiaoGas,,,0.0,0.0
01/12/2025,DH,KHSLCPGiaoGas,,,9.797528543,345.996455
01/01/2025,ThienUng,KHSLCPGiaoGas,,,14.28095872,504.327298
01/02/2025,ThienUng,KHSLCPGiaoGas,,,11.2849534,398.524368
01/03/2025,ThienUng,KHSLCPGiaoGas,,,14.28095872,504.327298
01/04/2025,ThienUng,KHSLCPGiaoGas,,,11.48468708,405.577897
01/05/2025,ThienUng,KHSLCPGiaoGas,,,9.687083888,342.096139
01/06/2025,ThienUng,KHSLCPGiaoGas,,,13.28229028,469.059655
01/07/2025,ThienUng,KHSLCPGiaoGas,,,15.17976032,536.068177
01/08/2025,ThienUng,KHSLCPGiaoGas,,,13.7816245,486.693476
01/09/2025,ThienUng,KHSLCPGiaoGas,,,7.390146471,260.98056
01/10/2025,ThienUng,KHSLCPGiaoGas,,,14.28095872,504.327298
01/11/2025,ThienUng,KHSLCPGiaoGas,,,6.591211718,232.766445
01/12/2025,ThienUng,KHSLCPGiaoGas,,,18.47536618,652.451399
01/01/2025,CT,KHSLCPGiaoGas,,,0.333180671,11.766164
01/02/2025,CT,KHSLCPGiaoGas,,,0.399816805,14.119397
01/03/2025,CT,KHSLCPGiaoGas,,,0.466452939,16.47263
01/04/2025,CT,KHSLCPGiaoGas,,,0.499771006,17.649247
01/05/2025,CT,KHSLCPGiaoGas,,,0.499771006,17.649247
01/06/2025,CT,KHSLCPGiaoGas,,,0.466452939,16.47263
01/07/2025,CT,KHSLCPGiaoGas,,,0.533089073,18.825863
01/08/2025,CT,KHSLCPGiaoGas,,,0.56640714,20.002479
01/09/2025,CT,KHSLCPGiaoGas,,,0.533089073,18.825863
01/10/2025,CT,KHSLCPGiaoGas,,,0.533089073,18.825863
01/11/2025,CT,KHSLCPGiaoGas,,,0.533089073,18.825863
01/12/2025,CT,KHSLCPGiaoGas,,,0.533089073,18.825863
01/01/2025,SVDN,KHSLCPGiaoGas,,,116.4925958,4113.897196
01/02/2025,SVDN,KHSLCPGiaoGas,,,102.7875845,3629.90929
01/03/2025,SVDN,KHSLCPGiaoGas,,,133.1343952,4701.596796
01/04/2025,SVDN,KHSLCPGiaoGas,,,129.2186777,4563.314537
01/05/2025,SVDN,KHSLCPGiaoGas,,,133.1343952,4701.596796
01/06/2025,SVDN,KHSLCPGiaoGas,,,129.2186777,4563.314537
01/07/2025,SVDN,KHSLCPGiaoGas,,,133.1343952,4701.596796
01/08/2025,SVDN,KHSLCPGiaoGas,,,133.1343952,4701.596796
01/09/2025,SVDN,KHSLCPGiaoGas,,,68.52505637,2419.939528
01/10/2025,SVDN,KHSLCPGiaoGas,,,133.1343952,4701.596796
01/11/2025,SVDN,KHSLCPGiaoGas,,,130.1976071,4597.885103
01/12/2025,SVDN,KHSLCPGiaoGas,,,134.1133246,4736.167361
01/01/2025,BHR,KHSLCPGiaoOil,0.2314,,,
01/02/2025,BHR,KHSLCPGiaoOil,0.2058,,,
01/03/2025,BHR,KHSLCPGiaoOil,0.2346,,,
01/04/2025,BHR,KHSLCPGiaoOil,0.2267,,,
01/05/2025,BHR,KHSLCPGiaoOil,0.2313,,,
01/06/2025,BHR,KHSLCPGiaoOil,0.2269,,,
01/07/2025,BHR,KHSLCPGiaoOil,0.2338,,,
01/08/2025,BHR,KHSLCPGiaoOil,0.23,,,
01/09/2025,BHR,KHSLCPGiaoOil,0.2032,,,
01/10/2025,BHR,KHSLCPGiaoOil,0.2294,,,
01/11/2025,BHR,KHSLCPGiaoOil,0.2176,,,
01/12/2025,BHR,KHSLCPGiaoOil,0.2293,,,
01/01/2025,DM,KHSLCPGiaoOil,0.003599724,,,
01/02/2025,DM,KHSLCPGiaoOil,0.003249704,,,
01/03/2025,DM,KHSLCPGiaoOil,0.003567247,,,
01/04/2025,DM,KHSLCPGiaoOil,0.003423518,,,
01/05/2025,DM,KHSLCPGiaoOil,0.003234379,,,
01/06/2025,DM,KHSLCPGiaoOil,0.003367381,,,
01/07/2025,DM,KHSLCPGiaoOil,0.003314294,,,
01/08/2025,DM,KHSLCPGiaoOil,0.003071275,,,
01/09/2025,DM,KHSLCPGiaoOil,0.003286659,,,
01/10/2025,DM,KHSLCPGiaoOil,0.003369214,,,
01/11/2025,DM,KHSLCPGiaoOil,0.003235161,,,
01/12/2025,DM,KHSLCPGiaoOil,0.003181444,,,
01/01/2025,DC,KHSLCPGiaoOil,0.003203056,,,
01/02/2025,DC,KHSLCPGiaoOil,0.00363013,,,
01/03/2025,DC,KHSLCPGiaoOil,0.004350817,,,
01/04/2025,DC,KHSLCPGiaoOil,0.003443285,,,
01/05/2025,DC,KHSLCPGiaoOil,0.003452182,,,
01/06/2025,DC,KHSLCPGiaoOil,0.003736898,,,
01/07/2025,DC,KHSLCPGiaoOil,0.003532258,,,
01/08/2025,DC,KHSLCPGiaoOil,0.004324623,,,
01/09/2025,DC,KHSLCPGiaoOil,0.002631172,,,
01/10/2025,DC,KHSLCPGiaoOil,0.003483786,,,
01/11/2025,DC,KHSLCPGiaoOil,0.003808851,,,
01/12/2025,DC,KHSLCPGiaoOil,0.003283132,,,
01/01/2025,DH,KHSLCPGiaoOil,0.025157046,,,
01/02/2025,DH,KHSLCPGiaoOil,0.021709127,,,
01/03/2025,DH,KHSLCPGiaoOil,0.024007739,,,
01/04/2025,DH,KHSLCPGiaoOil,0.01379168,,,
01/05/2025,DH,KHSLCPGiaoOil,0.010982264,,,
01/06/2025,DH,KHSLCPGiaoOil,0.039076427,,,
01/07/2025,DH,KHSLCPGiaoOil,0.041885843,,,
01/08/2025,DH,KHSLCPGiaoOil,0.044056756,,,
01/09/2025,DH,KHSLCPGiaoOil,0.043929055,,,
01/10/2025,DH,KHSLCPGiaoOil,0.042779748,,,
01/11/2025,DH,KHSLCPGiaoOil,0.046099968,,,
01/12/2025,DH,KHSLCPGiaoOil,0.042524347,,,
01/01/2025,PM3CA-46CN,KHSLCPGiaoOil,0.0,,,
01/02/2025,PM3CA-46CN,KHSLCPGiaoOil,0.0,,,
01/03/2025,PM3CA-46CN,KHSLCPGiaoOil,0.0,,,
01/04/2025,PM3CA-46CN,KHSLCPGiaoOil,0.0,,,
01/05/2025,PM3CA-46CN,KHSLCPGiaoOil,0.0,,,
01/06/2025,PM3CA-46CN,KHSLCPGiaoOil,0.0,,,
01/07/2025,PM3CA-46CN,KHSLCPGiaoOil,0.0,,,
01/08/2025,PM3CA-46CN,KHSLCPGiaoOil,0.0,,,
01/09/2025,PM3CA-46CN,KHSLCPGiaoOil,0.0,,,
01/10/2025,PM3CA-46CN,KHSLCPGiaoOil,0.0,,,
01/11/2025,PM3CA-46CN,KHSLCPGiaoOil,0.0,,,
01/12/2025,PM3CA-46CN,KHSLCPGiaoOil,0.0,,,
01/01/2025,PM3CA,KHSLCPGiaoOil,0.035021944,,,
01/02/2025,PM3CA,KHSLCPGiaoOil,0.031269592,,,
01/03/2025,PM3CA,KHSLCPGiaoOil,0.03377116,,,
01/04/2025,PM3CA,KHSLCPGiaoOil,0.030018809,,,
01/05/2025,PM3CA,KHSLCPGiaoOil,0.03377116,,,
01/06/2025,PM3CA,KHSLCPGiaoOil,0.032520376,,,
01/07/2025,PM3CA,KHSLCPGiaoOil,0.036272727,,,
01/08/2025,PM3CA,KHSLCPGiaoOil,0.017510972,,,
01/09/2025,PM3CA,KHSLCPGiaoOil,0.028768025,,,
01/10/2025,PM3CA,KHSLCPGiaoOil,0.036272727,,,
01/11/2025,PM3CA,KHSLCPGiaoOil,0.03377116,,,
01/12/2025,PM3CA,KHSLCPGiaoOil,0.035021944,,,
01/01/2025,46CN,KHSLCPGiaoOil,0.002501567,,,
01/02/2025,46CN,KHSLCPGiaoOil,0.001250784,,,
01/03/2025,46CN,KHSLCPGiaoOil,0.001250784,,,
01/04/2025,46CN,KHSLCPGiaoOil,0.001250784,,,
01/05/2025,46CN,KHSLCPGiaoOil,0.001250784,,,
01/06/2025,46CN,KHSLCPGiaoOil,0.001250784,,,
01/07/2025,46CN,KHSLCPGiaoOil,0.001250784,,,
01/08/2025,46CN,KHSLCPGiaoOil,0.001250784,,,
01/09/2025,46CN,KHSLCPGiaoOil,0.0,,,
01/10/2025,46CN,KHSLCPGiaoOil,0.001250784,,,
01/11/2025,46CN,KHSLCPGiaoOil,0.001250784,,,
01/12/2025,46CN,KHSLCPGiaoOil,0.001250784,,,
01/01/2025,RDPD,KHSLCPGiaoOil,0.035133218,,,
01/02/2025,RDPD,KHSLCPGiaoOil,0.030969281,,,
01/03/2025,RDPD,KHSLCPGiaoOil,0.033701864,,,
01/04/2025,RDPD,KHSLCPGiaoOil,0.032921127,,,
01/05/2025,RDPD,KHSLCPGiaoOil,0.03435248,,,
01/06/2025,RDPD,KHSLCPGiaoOil,0.033181373,,,
01/07/2025,RDPD,KHSLCPGiaoOil,0.030969281,,,
01/08/2025,RDPD,KHSLCPGiaoOil,0.034092234,,,
01/09/2025,RDPD,KHSLCPGiaoOil,0.032530757,,,
01/10/2025,RDPD,KHSLCPGiaoOil,0.034872973,,,
01/11/2025,RDPD,KHSLCPGiaoOil,0.033181373,,,
01/12/2025,RDPD,KHSLCPGiaoOil,0.033962111,,,
01/01/2025,RPT,KHSLCPGiaoOil,0.026852928,,,
01/02/2025,RPT,KHSLCPGiaoOil,0.023937337,,,
01/03/2025,RPT,KHSLCPGiaoOil,0.026151176,,,
01/04/2025,RPT,KHSLCPGiaoOil,0.024956522,,,
01/05/2025,RPT,KHSLCPGiaoOil,0.025425635,,,
01/06/2025,RPT,KHSLCPGiaoOil,0.025252979,,,
01/07/2025,RPT,KHSLCPGiaoOil,0.025792434,,,
01/08/2025,RPT,KHSLCPGiaoOil,0.021434332,,,
01/09/2025,RPT,KHSLCPGiaoOil,0.022786295,,,
01/10/2025,RPT,KHSLCPGiaoOil,0.024484082,,,
01/11/2025,RPT,KHSLCPGiaoOil,0.023401719,,,
01/12/2025,RPT,KHSLCPGiaoOil,0.023879401,,,
01/01/2025,STD-STV-STT-STN,KHSLCPGiaoOil,0.098824809,,,
01/02/2025,STD-STV-STT-STN,KHSLCPGiaoOil,0.097524483,,,
01/03/2025,STD-STV-STT-STN,KHSLCPGiaoOil,0.104026116,,,
01/04/2025,STD-STV-STT-STN,KHSLCPGiaoOil,0.100125136,,,
01/05/2025,STD-STV-STT-STN,KHSLCPGiaoOil,0.105326442,,,
01/06/2025,STD-STV-STT-STN,KHSLCPGiaoOil,0.100125136,,,
01/07/2025,STD-STV-STT-STN,KHSLCPGiaoOil,0.100125136,,,
01/08/2025,STD-STV-STT-STN,KHSLCPGiaoOil,0.098824809,,,
01/09/2025,STD-STV-STT-STN,KHSLCPGiaoOil,0.09492383,,,
01/10/2025,STD-STV-STT-STN,KHSLCPGiaoOil,0.100125136,,,
01/11/2025,STD-STV-STT-STN,KHSLCPGiaoOil,0.096224157,,,
01/12/2025,STD-STV-STT-STN,KHSLCPGiaoOil,0.098824809,,,
01/01/2025,CNV,KHSLCPGiaoOil,0.012737,,,
01/02/2025,CNV,KHSLCPGiaoOil,0.011214218,,,
01/03/2025,CNV,KHSLCPGiaoOil,0.012279154,,,
01/04/2025,CNV,KHSLCPGiaoOil,0.011582721,,,
01/05/2025,CNV,KHSLCPGiaoOil,0.01133927,,,
01/06/2025,CNV,KHSLCPGiaoOil,0.007399517,,,
01/07/2025,CNV,KHSLCPGiaoOil,0.010127393,,,
01/08/2025,CNV,KHSLCPGiaoOil,0.011100044,,,
01/09/2025,CNV,KHSLCPGiaoOil,0.009775529,,,
01/10/2025,CNV,KHSLCPGiaoOil,0.009945253,,,
01/11/2025,CNV,KHSLCPGiaoOil,0.010212128,,,
01/12/2025,CNV,KHSLCPGiaoOil,0.010287774,,,
01/01/2025,TGT,KHSLCPGiaoOil,0.038089708,,,
01/02/2025,TGT,KHSLCPGiaoOil,0.033029051,,,
01/03/2025,TGT,KHSLCPGiaoOil,0.035897017,,,
01/04/2025,TGT,KHSLCPGiaoOil,0.034253878,,,
01/05/2025,TGT,KHSLCPGiaoOil,0.03418154,,,
01/06/2025,TGT,KHSLCPGiaoOil,0.032894092,,,
01/07/2025,TGT,KHSLCPGiaoOil,0.033421691,,,
01/08/2025,TGT,KHSLCPGiaoOil,0.032659444,,,
01/09/2025,TGT,KHSLCPGiaoOil,0.02322528,,,
01/10/2025,TGT,KHSLCPGiaoOil,0.034241642,,,
01/11/2025,TGT,KHSLCPGiaoOil,0.032168793,,,
01/12/2025,TGT,KHSLCPGiaoOil,0.031937863,,,
01/01/2025,KNT-N,KHSLCPGiaoOil,0.0,,,
01/02/2025,KNT-N,KHSLCPGiaoOil,0.0,,,
01/03/2025,KNT-N,KHSLCPGiaoOil,0.0,,,
01/04/2025,KNT-N,KHSLCPGiaoOil,0.0,,,
01/05/2025,KNT-N,KHSLCPGiaoOil,0.0,,,
01/06/2025,KNT-N,KHSLCPGiaoOil,0.0,,,
01/07/2025,KNT-N,KHSLCPGiaoOil,0.006326898,,,
01/08/2025,KNT-N,KHSLCPGiaoOil,0.014752131,,,
01/09/2025,KNT-N,KHSLCPGiaoOil,0.016246299,,,
01/10/2025,KNT-N,KHSLCPGiaoOil,0.017692929,,,
01/11/2025,KNT-N,KHSLCPGiaoOil,0.019066144,,,
01/12/2025,KNT-N,KHSLCPGiaoOil,0.022915599,,,
01/01/2025,CS,KHSLCPGiaoOil,0.028527897,,,
01/02/2025,CS,KHSLCPGiaoOil,0.024806867,,,
01/03/2025,CS,KHSLCPGiaoOil,0.02604721,,,
01/04/2025,CS,KHSLCPGiaoOil,0.017364807,,,
01/05/2025,CS,KHSLCPGiaoOil,0.024806867,,,
01/06/2025,CS,KHSLCPGiaoOil,0.01116309,,,
01/07/2025,CS,KHSLCPGiaoOil,0.027287554,,,
01/08/2025,CS,KHSLCPGiaoOil,0.027287554,,,
01/09/2025,CS,KHSLCPGiaoOil,0.02604721,,,
01/10/2025,CS,KHSLCPGiaoOil,0.02604721,,,
01/11/2025,CS,KHSLCPGiaoOil,0.024806867,,,
01/12/2025,CS,KHSLCPGiaoOil,0.024806867,,,
01/01/2025,LTLD,KHSLCPGiaoOil,0.0,,,
01/02/2025,LTLD,KHSLCPGiaoOil,0.0,,,
01/03/2025,LTLD,KHSLCPGiaoOil,0.0,,,
01/04/2025,LTLD,KHSLCPGiaoOil,0.0,,,
01/05/2025,LTLD,KHSLCPGiaoOil,0.0,,,
01/06/2025,LTLD,KHSLCPGiaoOil,0.0,,,
01/07/2025,LTLD,KHSLCPGiaoOil,0.0,,,
01/08/2025,LTLD,KHSLCPGiaoOil,0.0,,,
01/09/2025,LTLD,KHSLCPGiaoOil,0.0,,,
01/10/2025,LTLD,KHSLCPGiaoOil,0.0,,,
01/11/2025,LTLD,KHSLCPGiaoOil,0.0,,,
01/12/2025,LTLD,KHSLCPGiaoOil,0.0,,,
01/01/2025,RD-RDT,KHSLCPGiaoOil,0.002165641,,,
01/02/2025,RD-RDT,KHSLCPGiaoOil,0.001863701,,,
01/03/2025,RD-RDT,KHSLCPGiaoOil,0.002113582,,,
01/04/2025,RD-RDT,KHSLCPGiaoOil,0.001988642,,,
01/05/2025,RD-RDT,KHSLCPGiaoOil,0.002061524,,,
01/06/2025,RD-RDT,KHSLCPGiaoOil,0.001936583,,,
01/07/2025,RD-RDT,KHSLCPGiaoOil,0.002009465,,,
01/08/2025,RD-RDT,KHSLCPGiaoOil,0.000645528,,,
01/09/2025,RD-RDT,KHSLCPGiaoOil,0.001051585,,,
01/10/2025,RD-RDT,KHSLCPGiaoOil,0.00197823,,,
01/11/2025,RD-RDT,KHSLCPGiaoOil,0.002030288,,,
01/12/2025,RD-RDT,KHSLCPGiaoOil,0.00215523,,,
01/01/2025,HST-HSD,KHSLCPGiaoOil,0.012490698,,,
01/02/2025,HST-HSD,KHSLCPGiaoOil,0.01067907,,,
01/03/2025,HST-HSD,KHSLCPGiaoOil,0.011251163,,,
01/04/2025,HST-HSD,KHSLCPGiaoOil,0.011918604,,,
01/05/2025,HST-HSD,KHSLCPGiaoOil,0.011632558,,,
01/06/2025,HST-HSD,KHSLCPGiaoOil,0.010869768,,,
01/07/2025,HST-HSD,KHSLCPGiaoOil,0.010583721,,,
01/08/2025,HST-HSD,KHSLCPGiaoOil,0.010393023,,,
01/09/2025,HST-HSD,KHSLCPGiaoOil,0.007151163,,,
01/10/2025,HST-HSD,KHSLCPGiaoOil,0.009248837,,,
01/11/2025,HST-HSD,KHSLCPGiaoOil,0.008486047,,,
01/12/2025,HST-HSD,KHSLCPGiaoOil,0.008295349,,,
01/01/2025,TLDD,KHSLCPGiaoOil,0.011760156,,,
01/02/2025,TLDD,KHSLCPGiaoOil,0.010453472,,,
01/03/2025,TLDD,KHSLCPGiaoOil,0.011760156,,,
01/04/2025,TLDD,KHSLCPGiaoOil,0.011760156,,,
01/05/2025,TLDD,KHSLCPGiaoOil,0.011760156,,,
01/06/2025,TLDD,KHSLCPGiaoOil,0.010453472,,,
01/07/2025,TLDD,KHSLCPGiaoOil,0.011760156,,,
01/08/2025,TLDD,KHSLCPGiaoOil,0.011760156,,,
01/09/2025,TLDD,KHSLCPGiaoOil,0.010453472,,,
01/10/2025,TLDD,KHSLCPGiaoOil,0.011760156,,,
01/11/2025,TLDD,KHSLCPGiaoOil,0.010453472,,,
01/12/2025,TLDD,KHSLCPGiaoOil,0.010453472,,,
01/01/2025,HT-MT,KHSLCPGiaoOil,0.009359951,,,
01/02/2025,HT-MT,KHSLCPGiaoOil,0.008691383,,,
01/03/2025,HT-MT,KHSLCPGiaoOil,0.010028519,,,
01/04/2025,HT-MT,KHSLCPGiaoOil,0.009359951,,,
01/05/2025,HT-MT,KHSLCPGiaoOil,0.008691383,,,
01/06/2025,HT-MT,KHSLCPGiaoOil,0.008022815,,,
01/07/2025,HT-MT,KHSLCPGiaoOil,0.014708494,,,
01/08/2025,HT-MT,KHSLCPGiaoOil,0.013371358,,,
01/09/2025,HT-MT,KHSLCPGiaoOil,0.010697086,,,
01/10/2025,HT-MT,KHSLCPGiaoOil,0.010697086,,,
01/11/2025,HT-MT,KHSLCPGiaoOil,0.010028519,,,
01/12/2025,HT-MT,KHSLCPGiaoOil,0.010028519,,,
01/01/2025,ThienUng,KHSLCPGiaoOil,0.0009856,,,
01/02/2025,ThienUng,KHSLCPGiaoOil,0.0007744,,,
01/03/2025,ThienUng,KHSLCPGiaoOil,0.000925257,,,
01/04/2025,ThienUng,KHSLCPGiaoOil,0.000744229,,,
01/05/2025,ThienUng,KHSLCPGiaoOil,0.000613486,,,
01/06/2025,ThienUng,KHSLCPGiaoOil,0.0007744,,,
01/07/2025,ThienUng,KHSLCPGiaoOil,0.000854857,,,
01/08/2025,ThienUng,KHSLCPGiaoOil,0.000744229,,,
01/09/2025,ThienUng,KHSLCPGiaoOil,0.000352,,,
01/10/2025,ThienUng,KHSLCPGiaoOil,0.000714057,,,
01/11/2025,ThienUng,KHSLCPGiaoOil,0.000331886,,,
01/12/2025,ThienUng,KHSLCPGiaoOil,0.0009856,,,
01/01/2025,CT,KHSLCPGiaoOil,0.008575807,,,
01/02/2025,CT,KHSLCPGiaoOil,0.010216396,,,
01/03/2025,CT,KHSLCPGiaoOil,0.011782413,,,
01/04/2025,CT,KHSLCPGiaoOil,0.012826424,,,
01/05/2025,CT,KHSLCPGiaoOil,0.012900997,,,
01/06/2025,CT,KHSLCPGiaoOil,0.012378991,,,
01/07/2025,CT,KHSLCPGiaoOil,0.01401958,,,
01/08/2025,CT,KHSLCPGiaoOil,0.014989019,,,
01/09/2025,CT,KHSLCPGiaoOil,0.013721291,,,
01/10/2025,CT,KHSLCPGiaoOil,0.014094152,,,
01/11/2025,CT,KHSLCPGiaoOil,0.013273858,,,
01/12/2025,CT,KHSLCPGiaoOil,0.013497574,,,
01/01/2025,SVDN,KHSLCPGiaoOil,0.020319995,,,
01/02/2025,SVDN,KHSLCPGiaoOil,0.017887529,,,
01/03/2025,SVDN,KHSLCPGiaoOil,0.026431351,,,
01/04/2025,SVDN,KHSLCPGiaoOil,0.025100691,,,
01/05/2025,SVDN,KHSLCPGiaoOil,0.025492783,,,
01/06/2025,SVDN,KHSLCPGiaoOil,0.026318232,,,
01/07/2025,SVDN,KHSLCPGiaoOil,0.028062824,,,
01/08/2025,SVDN,KHSLCPGiaoOil,0.027085611,,,
01/09/2025,SVDN,KHSLCPGiaoOil,0.015634202,,,
01/10/2025,SVDN,KHSLCPGiaoOil,0.026024061,,,
01/11/2025,SVDN,KHSLCPGiaoOil,0.024785788,,,
01/12/2025,SVDN,KHSLCPGiaoOil,0.025228905,,,
01/01/2025,Algeria,KHSLCPGiaoOil,0.018985209,,,
01/02/2025,Algeria,KHSLCPGiaoOil,0.016875742,,,
01/03/2025,Algeria,KHSLCPGiaoOil,0.018633631,,,
01/04/2025,Algeria,KHSLCPGiaoOil,0.017930475,,,
01/05/2025,Algeria,KHSLCPGiaoOil,0.018633631,,,
01/06/2025,Algeria,KHSLCPGiaoOil,0.017930475,,,
01/07/2025,Algeria,KHSLCPGiaoOil,0.018282053,,,
01/08/2025,Algeria,KHSLCPGiaoOil,0.018282053,,,
01/09/2025,Algeria,KHSLCPGiaoOil,0.017578897,,,
01/10/2025,Algeria,KHSLCPGiaoOil,0.018633631,,,
01/11/2025,Algeria,KHSLCPGiaoOil,0.017930475,,,
01/12/2025,Algeria,KHSLCPGiaoOil,0.018633631,,,
01/01/2025,Nhenhexky,KHSLCPGiaoOil,0.099887225,,,
01/02/2025,Nhenhexky,KHSLCPGiaoOil,0.090982409,,,
01/03/2025,Nhenhexky,KHSLCPGiaoOil,0.101148783,,,
01/04/2025,Nhenhexky,KHSLCPGiaoOil,0.098762351,,,
01/05/2025,Nhenhexky,KHSLCPGiaoOil,0.101545346,,,
01/06/2025,Nhenhexky,KHSLCPGiaoOil,0.09827243,,,
01/07/2025,Nhenhexky,KHSLCPGiaoOil,0.101014449,,,
01/08/2025,Nhenhexky,KHSLCPGiaoOil,0.101147194,,,
01/09/2025,Nhenhexky,KHSLCPGiaoOil,0.098926056,,,
01/10/2025,Nhenhexky,KHSLCPGiaoOil,0.10322807,,,
01/11/2025,Nhenhexky,KHSLCPGiaoOil,0.099868152,,,
01/12/2025,Nhenhexky,KHSLCPGiaoOil,0.103074299,,,
